{"phones": ["a", "b", "d", "d͡ʑ", "f", "h", "i", "j", "k", "l", "m", "n", "o", "p", "r", "s", "t", "t͡ɕ", "u", "w", "x", "z", "ŋ", "ɕ", "ə", "ɡ", "ɲ", "ʔ"], "phone_groups": {"a": ["a"], "b": ["b"], "d": ["d"], "d͡ʑ": ["d͡ʑ"], "f": ["f"], "h": ["h"], "i": ["i"], "j": ["j"], "k": ["k"], "l": ["l"], "m": ["m"], "n": ["n"], "o": ["o"], "p": ["p"], "r": ["r"], "s": ["s"], "t": ["t"], "t͡ɕ": ["t͡ɕ"], "u": ["u"], "w": ["w"], "x": ["x"], "z": ["z"], "ŋ": ["ŋ"], "ɕ": ["ɕ"], "ə": ["ə"], "ɡ": ["ɡ"], "ɲ": ["ɲ"], "ʔ": ["ʔ"]}, "version": "2.2.4", "architecture": "gmm-hmm", "train_date": "2023-03-25 04:40:33.388364", "training": {"audio_duration": 117224.62045351377, "num_speakers": 35, "num_utterances": 28118, "num_oovs": 0, "average_log_likelihood": -0.015298132878036462}, "dictionaries": {"names": ["indonesian_cv"], "default": "indonesian_cv", "silence_word": "<eps>", "use_g2p": false, "oov_word": "<unk>", "bracketed_word": "[bracketed]", "laughter_word": "[laughter]", "clitic_marker": "'", "position_dependent_phones": false}, "features": {"type": "mfcc", "use_energy": false, "frame_shift": 10, "frame_length": 25, "snip_edges": true, "low_frequency": 20, "high_frequency": 7800, "sample_frequency": 16000, "allow_downsample": true, "allow_upsample": true, "dither": 1, "energy_floor": 0, "num_coefficients": 13, "num_mel_bins": 23, "cepstral_lifter": 22, "preemphasis_coefficient": 0.97, "uses_cmvn": true, "uses_deltas": true, "uses_voiced": false, "uses_splices": false, "uses_speaker_adaptation": true, "use_pitch": false, "use_voicing": false, "min_f0": 50, "max_f0": 800, "delta_pitch": 0.005, "penalty_factor": 0.1, "silence_weight": 0.0, "splice_left_context": 3, "splice_right_context": 3}, "oov_phone": "spn", "optional_silence_phone": "sil", "phone_set_type": "UNKNOWN", "silence_probability": 0.01, "initial_silence_probability": 0.01, "final_silence_correction": 0.01, "final_non_silence_correction": 1.01}